,Regressor,Param,Score,MAE
24,LinearRegresion,,0.4436791168294927,45.60889960563011
138,SGDRegressor,squared_error-l1-0.01-1000000-invscaling,0.44082121623576087,45.96625478047429
144,SGDRegressor,squared_error-l1-0.01-10000000-invscaling,0.44075765679294965,45.97228253222697
150,SGDRegressor,squared_error-l1-0.1-1000000-invscaling,0.44069803749070835,46.4125801971309
120,SGDRegressor,squared_error-l1-0.0001-10000000-invscaling,0.4401937017780412,45.9556973405631
156,SGDRegressor,squared_error-l1-0.1-10000000-invscaling,0.44016324062969714,46.45148378489184
114,SGDRegressor,squared_error-l1-0.0001-1000000-invscaling,0.4398529577358872,45.98722274280921
25,Ridge,0.2,0.4397603103943436,46.32487570966688
126,SGDRegressor,squared_error-l1-0.001-1000000-invscaling,0.4389994927123839,46.074015249531286
204,SGDRegressor,squared_error-elasticnet-0.0001-10000000-invscaling,0.43881080170550124,46.140486725973744
36,SGDRegressor,squared_error-l2-0.0001-10000000-invscaling,0.43803027220009794,46.222270127352466
132,SGDRegressor,squared_error-l1-0.001-10000000-invscaling,0.43778525706322147,46.188649330304564
198,SGDRegressor,squared_error-elasticnet-0.0001-1000000-invscaling,0.4372805367379714,46.27926070257451
30,SGDRegressor,squared_error-l2-0.0001-1000000-invscaling,0.4360041568336528,46.3942974897326
26,Ridge,0.3,0.433153789563298,46.864768250085724
122,SGDRegressor,squared_error-l1-0.0001-10000000-constant,0.43148084967229694,46.60607533425941
116,SGDRegressor,squared_error-l1-0.0001-1000000-constant,0.43140557485692255,46.71224257670564
134,SGDRegressor,squared_error-l1-0.001-10000000-constant,0.42955300960625176,46.850676349899544
629,SGDRegressor,epsilon_insensitive-l1-0.0001-10000000-optimal,0.4273238221464398,46.9263471810547
128,SGDRegressor,squared_error-l1-0.001-1000000-constant,0.4267676782785106,47.05888460127512
216,SGDRegressor,squared_error-elasticnet-0.001-10000000-invscaling,0.4264137630639281,47.22553466209224
210,SGDRegressor,squared_error-elasticnet-0.001-1000000-invscaling,0.42544839510035115,47.280171992794486
200,SGDRegressor,squared_error-elasticnet-0.0001-1000000-constant,0.42443053979826006,47.20809182765597
147,SGDRegressor,squared_error-l1-0.01-10000000-constant,0.42417755520824074,47.242171134092864
48,SGDRegressor,squared_error-l2-0.001-10000000-invscaling,0.42286201509994736,47.42871303435128
628,SGDRegressor,epsilon_insensitive-l1-0.0001-10000000-optimal,0.42246240965338955,47.17591050130945
42,SGDRegressor,squared_error-l2-0.001-1000000-invscaling,0.4220380067962124,47.47226030528472
622,SGDRegressor,epsilon_insensitive-l1-0.0001-1000000-optimal,0.42114417580190455,47.24422913668786
146,SGDRegressor,squared_error-l1-0.01-10000000-constant,0.4194400722706302,47.55347593476797
33,SGDRegressor,squared_error-l2-0.0001-1000000-constant,0.41871372534370976,47.602261880645955
27,Ridge,0.5,0.4169986634794386,47.80242579078219
206,SGDRegressor,squared_error-elasticnet-0.0001-10000000-constant,0.41666290370747383,47.69888117855962
135,SGDRegressor,squared_error-l1-0.001-10000000-constant,0.4142988114007562,47.8534892011817
158,SGDRegressor,squared_error-l1-0.1-10000000-constant,0.41345473073900885,47.982161542285525
212,SGDRegressor,squared_error-elasticnet-0.001-1000000-constant,0.4123534290745451,48.00611368124909
32,SGDRegressor,squared_error-l2-0.0001-1000000-constant,0.4120751694808482,48.01379661818175
141,SGDRegressor,squared_error-l1-0.01-1000000-constant,0.41147304294690035,48.02302795792805
38,SGDRegressor,squared_error-l2-0.0001-10000000-constant,0.4114531549191901,48.0379792085381
218,SGDRegressor,squared_error-elasticnet-0.001-10000000-constant,0.41092424296491903,48.139554127294424
623,SGDRegressor,epsilon_insensitive-l1-0.0001-1000000-optimal,0.4107292569820453,47.70778971004037
162,SGDRegressor,squared_error-l1-0.3-1000000-invscaling,0.40757526833394486,48.373025986993255
152,SGDRegressor,squared_error-l1-0.1-1000000-constant,0.40757418131235346,48.34129134942804
201,SGDRegressor,squared_error-elasticnet-0.0001-1000000-constant,0.4074704458326721,48.2801361236174
129,SGDRegressor,squared_error-l1-0.001-1000000-constant,0.4068309073337174,48.29641855039815
123,SGDRegressor,squared_error-l1-0.0001-10000000-constant,0.4041178487027812,48.48184805715148
168,SGDRegressor,squared_error-l1-0.3-10000000-invscaling,0.40178135788401703,48.63268015245607
153,SGDRegressor,squared_error-l1-0.1-1000000-constant,0.4004310216462623,48.71827612862596
28,Ridge,0.7,0.40023228402059663,48.6789367258415
207,SGDRegressor,squared_error-elasticnet-0.0001-10000000-constant,0.39699294874922675,48.898012693645015
213,SGDRegressor,squared_error-elasticnet-0.001-1000000-constant,0.39692426824177696,48.90003952786489
140,SGDRegressor,squared_error-l1-0.01-1000000-constant,0.39676536266979356,48.90894333070584
219,SGDRegressor,squared_error-elasticnet-0.001-10000000-constant,0.3961364134683799,48.94441549387753
117,SGDRegressor,squared_error-l1-0.0001-1000000-constant,0.3948696914901293,49.00171805436195
44,SGDRegressor,squared_error-l2-0.001-1000000-constant,0.3943643729600612,49.055855993934735
159,SGDRegressor,squared_error-l1-0.1-10000000-constant,0.3940475311689853,49.03762532293378
51,SGDRegressor,squared_error-l2-0.001-10000000-constant,0.3925397730297745,49.15251395877606
45,SGDRegressor,squared_error-l2-0.001-1000000-constant,0.39066598871018876,49.26081882677717
39,SGDRegressor,squared_error-l2-0.0001-10000000-constant,0.39045188192075153,49.26038386169677
170,SGDRegressor,squared_error-l1-0.3-10000000-constant,0.38336859303353976,49.51731292152154
50,SGDRegressor,squared_error-l2-0.001-10000000-constant,0.37992721300097887,49.794992185739225
621,SGDRegressor,epsilon_insensitive-l1-0.0001-1000000-constant,0.37809123293110547,49.69052654870873
620,SGDRegressor,epsilon_insensitive-l1-0.0001-1000000-constant,0.3780800973797116,49.693512496938794
165,SGDRegressor,squared_error-l1-0.3-1000000-constant,0.37798451094435526,49.77461289148826
627,SGDRegressor,epsilon_insensitive-l1-0.0001-10000000-constant,0.3777390829332091,49.70802777261329
626,SGDRegressor,epsilon_insensitive-l1-0.0001-10000000-constant,0.37765730692716837,49.711629506528034
171,SGDRegressor,squared_error-l1-0.3-10000000-constant,0.3769206285742678,49.83653966193703
29,Ridge,1,0.37659536056309895,49.769836398279786
633,SGDRegressor,epsilon_insensitive-l1-0.001-1000000-constant,0.37321025722796897,49.839136344738336
638,SGDRegressor,epsilon_insensitive-l1-0.001-10000000-constant,0.3731406953066597,49.844354440473225
632,SGDRegressor,epsilon_insensitive-l1-0.001-1000000-constant,0.37298394580176764,49.85986436507761
639,SGDRegressor,epsilon_insensitive-l1-0.001-10000000-constant,0.37293116515925917,49.863087127597
164,SGDRegressor,squared_error-l1-0.3-1000000-constant,0.3714582990312778,50.06885680521645
791,ElasticNet,0.7-1-10000,0.3675949753645319,50.03091281224599
790,ElasticNet,0.7-1-1000,0.3675949753645319,50.03091281224599
174,SGDRegressor,squared_error-l1-0.7-1000000-invscaling,0.36236968181894724,50.3510417902205
180,SGDRegressor,squared_error-l1-0.7-10000000-invscaling,0.35241579079542307,50.74772854550472
226,SGDRegressor,squared_error-elasticnet-0.01-1000000-optimal,0.34958121762207206,50.80768846571021
183,SGDRegressor,squared_error-l1-0.7-10000000-constant,0.3386712426120273,51.10552554635708
182,SGDRegressor,squared_error-l1-0.7-10000000-constant,0.33265061606963264,51.499815105291106
796,ElasticNet,1.0-1-1000,0.33012254022704546,51.86527480632414
797,ElasticNet,1.0-1-10000,0.33012254022704546,51.86527480632414
177,SGDRegressor,squared_error-l1-0.7-1000000-constant,0.3290502265308992,51.893495255376585
154,SGDRegressor,squared_error-l1-0.1-1000000-optimal,0.32782400457948657,52.048934130239296
176,SGDRegressor,squared_error-l1-0.7-1000000-constant,0.3247319803252262,51.84035128880632
160,SGDRegressor,squared_error-l1-0.1-10000000-optimal,0.3206660335627908,52.124673679231925
155,SGDRegressor,squared_error-l1-0.1-1000000-optimal,0.320645705334896,52.19179689888055
707,SGDRegressor,epsilon_insensitive-elasticnet-0.0001-1000000-optimal,0.31853859637295034,51.88702962789082
161,SGDRegressor,squared_error-l1-0.1-10000000-optimal,0.3122618455377496,52.244050640117855
644,SGDRegressor,epsilon_insensitive-l1-0.01-1000000-constant,0.309881812207771,51.66361676434388
650,SGDRegressor,epsilon_insensitive-l1-0.01-10000000-constant,0.30942359471942893,51.6787296351843
712,SGDRegressor,epsilon_insensitive-elasticnet-0.0001-10000000-optimal,0.3084674733432655,51.921991147367905
651,SGDRegressor,epsilon_insensitive-l1-0.01-10000000-constant,0.3075176079300582,51.73953577676009
0,DecisionTreeRegressor,friedman_mse-random-2,0.30684481362753013,51.171370834988714
645,SGDRegressor,epsilon_insensitive-l1-0.01-1000000-constant,0.3063870009665891,51.77752003888951
706,SGDRegressor,epsilon_insensitive-elasticnet-0.0001-1000000-optimal,0.3061204734408851,52.93154447104595
538,SGDRegressor,epsilon_insensitive-l2-0.0001-1000000-optimal,0.3025311446247798,52.46946751556135
539,SGDRegressor,epsilon_insensitive-l2-0.0001-1000000-optimal,0.298522203516038,52.3204192693614
545,SGDRegressor,epsilon_insensitive-l2-0.0001-10000000-optimal,0.2983532639953633,53.02037087757928
192,SGDRegressor,squared_error-l1-1-10000000-invscaling,0.2929010912010235,53.25508760791012
713,SGDRegressor,epsilon_insensitive-elasticnet-0.0001-10000000-optimal,0.28998045187983756,52.43047485046555
186,SGDRegressor,squared_error-l1-1-1000000-invscaling,0.28983018135373273,53.334745053448124
59,SGDRegressor,squared_error-l2-0.01-1000000-optimal,0.2858279443698183,53.85242478331079
705,SGDRegressor,epsilon_insensitive-elasticnet-0.0001-1000000-constant,0.28273415275862457,52.79908796076096
704,SGDRegressor,epsilon_insensitive-elasticnet-0.0001-1000000-constant,0.28262480467807216,52.80141872789351
711,SGDRegressor,epsilon_insensitive-elasticnet-0.0001-10000000-constant,0.2809139171555203,52.845986838896735
7,DecisionTreeRegressor,friedman_mse-best-3,0.2809062597986294,50.911014381531416
1,DecisionTreeRegressor,friedman_mse-random-3,0.27917371190298623,51.674025991593545
710,SGDRegressor,epsilon_insensitive-elasticnet-0.0001-10000000-constant,0.2782212110867568,52.916181877560405
228,SGDRegressor,squared_error-elasticnet-0.01-10000000-invscaling,0.27506166790294195,53.84631642234121
544,SGDRegressor,epsilon_insensitive-l2-0.0001-10000000-optimal,0.27424477314573226,52.87659969292762
222,SGDRegressor,squared_error-elasticnet-0.01-1000000-invscaling,0.27325063743283173,53.91351027284005
231,SGDRegressor,squared_error-elasticnet-0.01-10000000-constant,0.27255139374097326,53.46074327236459
232,SGDRegressor,squared_error-elasticnet-0.01-10000000-optimal,0.2721980499433061,53.84960337861043
64,SGDRegressor,squared_error-l2-0.01-10000000-optimal,0.26984465592601825,54.29054528700396
635,SGDRegressor,epsilon_insensitive-l1-0.001-1000000-optimal,0.26946468577199945,53.1773904582408
543,SGDRegressor,epsilon_insensitive-l2-0.0001-10000000-constant,0.2677873179673771,53.20191250696738
542,SGDRegressor,epsilon_insensitive-l2-0.0001-10000000-constant,0.26775513150849717,53.20294295695476
227,SGDRegressor,squared_error-elasticnet-0.01-1000000-optimal,0.26773273319755686,54.13067635920374
537,SGDRegressor,epsilon_insensitive-l2-0.0001-1000000-constant,0.26766343695494654,53.20694193172987
536,SGDRegressor,epsilon_insensitive-l2-0.0001-1000000-constant,0.2675015682968196,53.2107282051582
230,SGDRegressor,squared_error-elasticnet-0.01-10000000-constant,0.26731052796321186,53.85985298961789
640,SGDRegressor,epsilon_insensitive-l1-0.001-10000000-optimal,0.266216816819006,53.264444347994754
641,SGDRegressor,epsilon_insensitive-l1-0.001-10000000-optimal,0.26577420821464215,53.27691020241375
634,SGDRegressor,epsilon_insensitive-l1-0.001-1000000-optimal,0.2653142172088835,53.29134978973282
225,SGDRegressor,squared_error-elasticnet-0.01-1000000-constant,0.26033351540352645,54.87096917806005
224,SGDRegressor,squared_error-elasticnet-0.01-1000000-constant,0.2595171979022556,54.672235089498116
195,SGDRegressor,squared_error-l1-1-10000000-constant,0.25910827692661575,54.29154361245327
194,SGDRegressor,squared_error-l1-1-10000000-constant,0.25669036646944643,54.602241257902975
60,SGDRegressor,squared_error-l2-0.01-10000000-invscaling,0.255664107308722,54.621178987419725
54,SGDRegressor,squared_error-l2-0.01-1000000-invscaling,0.2549362178929012,54.6547016939763
57,SGDRegressor,squared_error-l2-0.01-1000000-constant,0.2536092249608286,54.3375295818162
189,SGDRegressor,squared_error-l1-1-1000000-constant,0.25324198790426244,55.151041139667704
233,SGDRegressor,squared_error-elasticnet-0.01-10000000-optimal,0.2526481002996067,55.230214330721125
188,SGDRegressor,squared_error-l1-1-1000000-constant,0.2523809098506238,54.76495544058538
63,SGDRegressor,squared_error-l2-0.01-10000000-constant,0.24963402412336932,55.2014557889638
56,SGDRegressor,squared_error-l2-0.01-1000000-constant,0.24916274588727294,54.93964512622594
62,SGDRegressor,squared_error-l2-0.01-10000000-constant,0.24849532232926386,55.025811623930146
65,SGDRegressor,squared_error-l2-0.01-10000000-optimal,0.2449650045883237,55.45126362876065
58,SGDRegressor,squared_error-l2-0.01-1000000-optimal,0.24246547349393843,54.66137239849003
166,SGDRegressor,squared_error-l1-0.3-1000000-optimal,0.22462356156291863,55.69674486876598
6,DecisionTreeRegressor,friedman_mse-best-2,0.2239766270930793,54.337018843185824
167,SGDRegressor,squared_error-l1-0.3-1000000-optimal,0.21197773643325502,56.3240582535074
173,SGDRegressor,squared_error-l1-0.3-10000000-optimal,0.19877256626031947,56.89433350909652
13,DecisionTreeRegressor,poisson-random-3,0.18790061544989378,55.40683180925288
2,DecisionTreeRegressor,friedman_mse-random-5,0.18417970774420378,55.8324964893165
172,SGDRegressor,squared_error-l1-0.3-10000000-optimal,0.17201921546727306,57.74537545401641
370,SGDRegressor,huber-l1-0.0001-1000000-optimal,0.15943624398942968,56.406100960480316
377,SGDRegressor,huber-l1-0.0001-10000000-optimal,0.15786932462461423,56.45833387244997
376,SGDRegressor,huber-l1-0.0001-10000000-optimal,0.1578618310378208,56.45228367446689
371,SGDRegressor,huber-l1-0.0001-1000000-optimal,0.15784235307196837,56.447729126081725
8,DecisionTreeRegressor,friedman_mse-best-5,0.12894673561342607,54.0877284185477
15,DecisionTreeRegressor,poisson-random-10,0.1185643265122791,58.658905556273986
3,DecisionTreeRegressor,friedman_mse-random-10,0.10861411410645794,56.10246246246247
178,SGDRegressor,squared_error-l1-0.7-1000000-optimal,0.09679808668946976,60.56196506137365
184,SGDRegressor,squared_error-l1-0.7-10000000-optimal,0.06960341936767989,61.75791263496685
802,ElasticNet,2.0-1-1000,0.06312316931501216,62.10783172548064
803,ElasticNet,2.0-1-10000,0.06312316931501216,62.10783172548064
242,SGDRegressor,squared_error-elasticnet-0.1-10000000-constant,0.0604015051139275,61.71090332657605
243,SGDRegressor,squared_error-elasticnet-0.1-10000000-constant,0.060349946780626884,61.205313881092245
238,SGDRegressor,squared_error-elasticnet-0.1-1000000-optimal,0.05904647626856985,62.04854859092002
244,SGDRegressor,squared_error-elasticnet-0.1-10000000-optimal,0.05887430269925298,62.1009771205455
234,SGDRegressor,squared_error-elasticnet-0.1-1000000-invscaling,0.058698333967078686,62.05437983069175
245,SGDRegressor,squared_error-elasticnet-0.1-10000000-optimal,0.058619890968009125,62.14026987966885
240,SGDRegressor,squared_error-elasticnet-0.1-10000000-invscaling,0.05856398889635117,62.0593727005732
239,SGDRegressor,squared_error-elasticnet-0.1-1000000-optimal,0.05821483713283926,62.28485103983652
20,DecisionTreeRegressor,poisson-best-5,0.05810640233264819,60.810496210496225
237,SGDRegressor,squared_error-elasticnet-0.1-1000000-constant,0.05694404576264733,62.48650716354644
21,DecisionTreeRegressor,poisson-best-10,0.056405035063939346,58.96439296439296
185,SGDRegressor,squared_error-l1-0.7-10000000-optimal,0.05581087064209955,62.27281589966322
12,DecisionTreeRegressor,poisson-random-2,0.053691488919434094,61.660350139533726
74,SGDRegressor,squared_error-l2-0.1-10000000-constant,0.05234911296042499,61.99715308721546
76,SGDRegressor,squared_error-l2-0.1-10000000-optimal,0.0522361218926467,62.12633024915612
68,SGDRegressor,squared_error-l2-0.1-1000000-constant,0.0518111923333453,61.57823825272174
179,SGDRegressor,squared_error-l1-0.7-1000000-optimal,0.05163979713708111,62.38265156448609
71,SGDRegressor,squared_error-l2-0.1-1000000-optimal,0.05155597255806821,62.3290363296838
77,SGDRegressor,squared_error-l2-0.1-10000000-optimal,0.0514870977675983,62.34656341744411
719,SGDRegressor,epsilon_insensitive-elasticnet-0.001-1000000-optimal,0.05137997438915787,60.28573076159418
236,SGDRegressor,squared_error-elasticnet-0.1-1000000-constant,0.051357302755032586,63.17806722702719
70,SGDRegressor,squared_error-l2-0.1-1000000-optimal,0.05134227173447703,62.394838374156244
725,SGDRegressor,epsilon_insensitive-elasticnet-0.001-10000000-optimal,0.051131351074757414,60.28214719391535
724,SGDRegressor,epsilon_insensitive-elasticnet-0.001-10000000-optimal,0.051088219096596,60.270768858868244
66,SGDRegressor,squared_error-l2-0.1-1000000-invscaling,0.050977261130063733,62.34245515004515
72,SGDRegressor,squared_error-l2-0.1-10000000-invscaling,0.05091333114264762,62.33689228941797
718,SGDRegressor,epsilon_insensitive-elasticnet-0.001-1000000-optimal,0.05087779791977676,60.261101123858
455,SGDRegressor,huber-elasticnet-0.0001-1000000-optimal,0.04677484798968823,60.463542170733405
461,SGDRegressor,huber-elasticnet-0.0001-10000000-optimal,0.04677244069250441,60.45799778431072
75,SGDRegressor,squared_error-l2-0.1-10000000-constant,0.04639640945785184,63.18208058385703
454,SGDRegressor,huber-elasticnet-0.0001-1000000-optimal,0.046110836184142134,60.42871488346228
460,SGDRegressor,huber-elasticnet-0.0001-10000000-optimal,0.045780210032793645,60.48606402821699
190,SGDRegressor,squared_error-l1-1-1000000-optimal,0.0441863836519476,62.63393814765587
556,SGDRegressor,epsilon_insensitive-l2-0.001-10000000-optimal,0.04393861571777291,60.57326264811885
723,SGDRegressor,epsilon_insensitive-elasticnet-0.001-10000000-constant,0.04370198161434191,60.53496947980474
717,SGDRegressor,epsilon_insensitive-elasticnet-0.001-1000000-constant,0.04368750983248493,60.53384300129045
722,SGDRegressor,epsilon_insensitive-elasticnet-0.001-10000000-constant,0.043626335564053376,60.53748179651479
716,SGDRegressor,epsilon_insensitive-elasticnet-0.001-1000000-constant,0.04355319888124276,60.5319470780606
557,SGDRegressor,epsilon_insensitive-l2-0.001-10000000-optimal,0.04343693395890691,60.569423621228495
551,SGDRegressor,epsilon_insensitive-l2-0.001-1000000-optimal,0.0427253458342729,60.54204994204548
550,SGDRegressor,epsilon_insensitive-l2-0.001-1000000-optimal,0.04093370489326331,60.533588690217044
293,SGDRegressor,huber-l2-0.0001-10000000-optimal,0.0405535883535324,60.67611283847398
287,SGDRegressor,huber-l2-0.0001-1000000-optimal,0.04041173902749484,60.687973896948506
292,SGDRegressor,huber-l2-0.0001-10000000-optimal,0.04020797730052972,60.70857449126753
286,SGDRegressor,huber-l2-0.0001-1000000-optimal,0.03991320972364787,60.66447117035888
69,SGDRegressor,squared_error-l2-0.1-1000000-constant,0.039020537462904126,63.96608744716747
555,SGDRegressor,epsilon_insensitive-l2-0.001-10000000-constant,0.03771234298666559,60.77394375411757
549,SGDRegressor,epsilon_insensitive-l2-0.001-1000000-constant,0.037371526199379446,60.77740445095697
548,SGDRegressor,epsilon_insensitive-l2-0.001-1000000-constant,0.03689169819295357,60.79968181427849
554,SGDRegressor,epsilon_insensitive-l2-0.001-10000000-constant,0.03681295735713752,60.80772833066293
197,SGDRegressor,squared_error-l1-1-10000000-optimal,0.03162881850176347,63.0408098136704
196,SGDRegressor,squared_error-l1-1-10000000-optimal,0.023970481354087414,63.32710221205766
254,SGDRegressor,squared_error-elasticnet-0.3-10000000-constant,0.021690512282606322,62.65664306082385
255,SGDRegressor,squared_error-elasticnet-0.3-10000000-constant,0.02073592277134606,63.372098865209
257,SGDRegressor,squared_error-elasticnet-0.3-10000000-optimal,0.020344150848009557,63.48399349357091
252,SGDRegressor,squared_error-elasticnet-0.3-10000000-invscaling,0.020317442454505286,63.467331857796694
256,SGDRegressor,squared_error-elasticnet-0.3-10000000-optimal,0.02031580416790768,63.485416825481835
251,SGDRegressor,squared_error-elasticnet-0.3-1000000-optimal,0.02031299545182297,63.48725491690652
250,SGDRegressor,squared_error-elasticnet-0.3-1000000-optimal,0.020311884936085156,63.48691725053854
246,SGDRegressor,squared_error-elasticnet-0.3-1000000-invscaling,0.01998721448770857,63.533378085682095
249,SGDRegressor,squared_error-elasticnet-0.3-1000000-constant,0.01940682406879357,63.734098179745274
86,SGDRegressor,squared_error-l2-0.3-10000000-constant,0.018247387620753175,63.4751247299287
191,SGDRegressor,squared_error-l1-1-1000000-optimal,0.018199737301854757,63.60569459022222
80,SGDRegressor,squared_error-l2-0.3-1000000-constant,0.018107401264461642,63.41193937301468
81,SGDRegressor,squared_error-l2-0.3-1000000-constant,0.0180384806453463,63.58646393022257
14,DecisionTreeRegressor,poisson-random-5,0.017897362576192677,61.641080078289384
82,SGDRegressor,squared_error-l2-0.3-1000000-optimal,0.017739102392102857,63.57836444965086
89,SGDRegressor,squared_error-l2-0.3-10000000-optimal,0.017718347019377245,63.582825134698865
88,SGDRegressor,squared_error-l2-0.3-10000000-optimal,0.017709900392347988,63.584480796148895
83,SGDRegressor,squared_error-l2-0.3-1000000-optimal,0.017708215554143703,63.585763802938125
78,SGDRegressor,squared_error-l2-0.3-1000000-invscaling,0.01761400450318462,63.59691516194947
84,SGDRegressor,squared_error-l2-0.3-10000000-invscaling,0.01759077963431832,63.605859071116235
87,SGDRegressor,squared_error-l2-0.3-10000000-constant,0.01757252074634852,63.62073877129024
248,SGDRegressor,squared_error-elasticnet-0.3-1000000-constant,0.01628065072030138,64.21593270715356
789,ElasticNet,0.7-0.5-10000,0.011618787069323733,63.816311062202054
788,ElasticNet,0.7-0.5-1000,0.011618787069323733,63.816311062202054
139,SGDRegressor,squared_error-l1-0.01-1000000-invscaling,0.00951234011394586,62.02386044771005
49,SGDRegressor,squared_error-l2-0.001-10000000-invscaling,0.009153984919200164,62.03460234705683
217,SGDRegressor,squared_error-elasticnet-0.001-10000000-invscaling,0.009136347732326522,62.031557856121715
43,SGDRegressor,squared_error-l2-0.001-1000000-invscaling,0.009075114367923964,62.036218204556164
211,SGDRegressor,squared_error-elasticnet-0.001-1000000-invscaling,0.009049248352557604,62.03328437507717
115,SGDRegressor,squared_error-l1-0.0001-1000000-invscaling,0.008966573300489111,62.03086396032654
127,SGDRegressor,squared_error-l1-0.001-1000000-invscaling,0.00876698261647546,62.04462734450035
145,SGDRegressor,squared_error-l1-0.01-10000000-invscaling,0.008736704454385569,62.03705436231495
37,SGDRegressor,squared_error-l2-0.0001-10000000-invscaling,0.00869718627104843,62.039436521724085
223,SGDRegressor,squared_error-elasticnet-0.01-1000000-invscaling,0.008687665137883882,62.04847160896227
133,SGDRegressor,squared_error-l1-0.001-10000000-invscaling,0.00867891476415139,62.04675488660465
199,SGDRegressor,squared_error-elasticnet-0.0001-1000000-invscaling,0.00860350175268032,62.04707955473949
31,SGDRegressor,squared_error-l2-0.0001-1000000-invscaling,0.008529088439375054,62.05056359697071
121,SGDRegressor,squared_error-l1-0.0001-10000000-invscaling,0.008451848916983584,62.044582207554996
205,SGDRegressor,squared_error-elasticnet-0.0001-10000000-invscaling,0.008425101891475384,62.05182301679912
261,SGDRegressor,squared_error-elasticnet-0.7-1000000-constant,0.008423529256012974,63.80986220089746
229,SGDRegressor,squared_error-elasticnet-0.01-10000000-invscaling,0.008366989342968867,62.06159335338753
55,SGDRegressor,squared_error-l2-0.01-1000000-invscaling,0.00830951141861791,62.05076026917801
61,SGDRegressor,squared_error-l2-0.01-10000000-invscaling,0.008284787879950795,62.05203853073672
264,SGDRegressor,squared_error-elasticnet-0.7-10000000-invscaling,0.008002807378279297,63.91723478415217
262,SGDRegressor,squared_error-elasticnet-0.7-1000000-optimal,0.007870154199857815,63.94675411539728
269,SGDRegressor,squared_error-elasticnet-0.7-10000000-optimal,0.007851349077834135,63.949807146078506
263,SGDRegressor,squared_error-elasticnet-0.7-1000000-optimal,0.007844136054376505,63.952285946812424
268,SGDRegressor,squared_error-elasticnet-0.7-10000000-optimal,0.007835903379102338,63.95129001563514
258,SGDRegressor,squared_error-elasticnet-0.7-1000000-invscaling,0.007764139260314273,63.97508566086195
157,SGDRegressor,squared_error-l1-0.1-10000000-invscaling,0.007566696170026144,62.07023291638084
151,SGDRegressor,squared_error-l1-0.1-1000000-invscaling,0.007516158966773934,62.075635590079614
100,SGDRegressor,squared_error-l2-0.7-10000000-optimal,0.00704110397186386,63.97595247081765
101,SGDRegressor,squared_error-l2-0.7-10000000-optimal,0.007032475387147685,63.97726977079215
787,ElasticNet,0.7-0-10000,0.007021365314234362,63.98003620885004
786,ElasticNet,0.7-0-1000,0.007021365314234362,63.98003620885004
95,SGDRegressor,squared_error-l2-0.7-1000000-optimal,0.007020507552451982,63.98095995270311
94,SGDRegressor,squared_error-l2-0.7-1000000-optimal,0.007012878013617274,63.982462940856
96,SGDRegressor,squared_error-l2-0.7-10000000-invscaling,0.0070104078881313425,63.982143681612854
92,SGDRegressor,squared_error-l2-0.7-1000000-constant,0.006938315939794215,64.05196815533772
90,SGDRegressor,squared_error-l2-0.7-1000000-invscaling,0.0069278494606649366,63.99948313555306
794,ElasticNet,1.0-0.5-1000,0.0067406290143813274,63.99625287632732
795,ElasticNet,1.0-0.5-10000,0.0067406290143813274,63.99625287632732
241,SGDRegressor,squared_error-elasticnet-0.1-10000000-invscaling,0.006662369495034182,62.08656745873072
73,SGDRegressor,squared_error-l2-0.1-10000000-invscaling,0.00664481796723726,62.09125667703366
111,SGDRegressor,squared_error-l2-1-10000000-constant,0.006568470056051656,63.43527801257098
235,SGDRegressor,squared_error-elasticnet-0.1-1000000-invscaling,0.006467680357679861,62.08951984244353
273,SGDRegressor,squared_error-elasticnet-1-1000000-constant,0.006443510304630751,63.42835572404707
67,SGDRegressor,squared_error-l2-0.1-1000000-invscaling,0.00628726980422778,62.099176766484355
267,SGDRegressor,squared_error-elasticnet-0.7-10000000-constant,0.00595183702330826,64.384065349138
272,SGDRegressor,squared_error-elasticnet-1-1000000-constant,0.0058406707555213044,63.824888841176836
104,SGDRegressor,squared_error-l2-1-1000000-constant,0.005815302563575542,63.40919711750078
163,SGDRegressor,squared_error-l1-0.3-1000000-invscaling,0.00573733572468571,62.13518094621708
278,SGDRegressor,squared_error-elasticnet-1-10000000-constant,0.005679119141645428,63.568614656361994
169,SGDRegressor,squared_error-l1-0.3-10000000-invscaling,0.00553568313725028,62.131725958395904
93,SGDRegressor,squared_error-l2-0.7-1000000-constant,0.005039526037230679,64.35364402026562
280,SGDRegressor,squared_error-elasticnet-1-10000000-optimal,0.004946554330274133,64.05807818826489
281,SGDRegressor,squared_error-elasticnet-1-10000000-optimal,0.004945158539229166,64.05774078170406
275,SGDRegressor,squared_error-elasticnet-1-1000000-optimal,0.004944091637387404,64.0578382412515
270,SGDRegressor,squared_error-elasticnet-1-1000000-invscaling,0.004923577187054828,64.05607021718718
274,SGDRegressor,squared_error-elasticnet-1-1000000-optimal,0.004921438361855657,64.05921390415806
108,SGDRegressor,squared_error-l2-1-10000000-invscaling,0.004870873390433905,63.98301092829291
276,SGDRegressor,squared_error-elasticnet-1-10000000-invscaling,0.004774595392340486,64.09901167100134
99,SGDRegressor,squared_error-l2-0.7-10000000-constant,0.004669045373605019,64.4581212942753
113,SGDRegressor,squared_error-l2-1-10000000-optimal,0.0045455746971868605,64.07125074807949
112,SGDRegressor,squared_error-l2-1-10000000-optimal,0.004545029774924658,64.07129451190765
107,SGDRegressor,squared_error-l2-1-1000000-optimal,0.0045448166106965004,64.07131803820266
106,SGDRegressor,squared_error-l2-1-1000000-optimal,0.004544484433482432,64.07132980740683
793,ElasticNet,1.0-0-10000,0.004544305002051052,64.07130262475792
792,ElasticNet,1.0-0-1000,0.004544305002051052,64.07130262475792
102,SGDRegressor,squared_error-l2-1-1000000-invscaling,0.00450342023659811,64.08261198847093
279,SGDRegressor,squared_error-elasticnet-1-10000000-constant,0.004310844110049339,64.18789836637188
266,SGDRegressor,squared_error-elasticnet-0.7-10000000-constant,0.0038663885735111814,64.63640107662582
98,SGDRegressor,squared_error-l2-0.7-10000000-constant,0.0034511186698450436,64.56535430574735
253,SGDRegressor,squared_error-elasticnet-0.3-10000000-invscaling,0.0031560876521460335,62.18194226212635
247,SGDRegressor,squared_error-elasticnet-0.3-1000000-invscaling,0.00302033842905991,62.18549692410168
646,SGDRegressor,epsilon_insensitive-l1-0.01-1000000-optimal,0.0028922239884591194,61.927588541812355
85,SGDRegressor,squared_error-l2-0.3-10000000-invscaling,0.002731942386873909,62.18232995077958
79,SGDRegressor,squared_error-l2-0.3-1000000-invscaling,0.002697269190229057,62.184845430945806
260,SGDRegressor,squared_error-elasticnet-0.7-1000000-constant,0.0025900879368317975,64.78099695040409
653,SGDRegressor,epsilon_insensitive-l1-0.01-10000000-optimal,0.0023868291520807716,61.949860558710235
105,SGDRegressor,squared_error-l2-1-1000000-constant,0.0021469650541244834,64.43064700752905
652,SGDRegressor,epsilon_insensitive-l1-0.01-10000000-optimal,0.0021008496642853647,61.96524810120187
799,ElasticNet,2.0-0-10000,0.0016203518957103036,64.17863496253291
798,ElasticNet,2.0-0-1000,0.0016203518957103036,64.17863496253291
647,SGDRegressor,epsilon_insensitive-l1-0.01-1000000-optimal,0.0014892637661602093,61.987235483802024
175,SGDRegressor,squared_error-l1-0.7-1000000-invscaling,0.0013051973749850232,62.2553384252181
16,DecisionTreeRegressor,poisson-random-50,0.001119558353918304,60.32432432432432
801,ElasticNet,2.0-0.5-10000,0.0011023368571330128,64.20066076093124
800,ElasticNet,2.0-0.5-1000,0.0011023368571330128,64.20066076093124
181,SGDRegressor,squared_error-l1-0.7-10000000-invscaling,0.001052134800352822,62.257843187206184
19,DecisionTreeRegressor,poisson-best-3,-6.713187136231369e-05,63.575154101469884
18,DecisionTreeRegressor,poisson-best-2,-0.0003162487951875459,63.963826631509555
259,SGDRegressor,squared_error-elasticnet-0.7-1000000-invscaling,-0.0009836717640576698,62.28887953168558
187,SGDRegressor,squared_error-l1-1-1000000-invscaling,-0.001044675119271643,62.323020944470166
265,SGDRegressor,squared_error-elasticnet-0.7-10000000-invscaling,-0.0011760240021827517,62.28969248989296
91,SGDRegressor,squared_error-l2-0.7-1000000-invscaling,-0.0014105061394928953,62.29428896848824
193,SGDRegressor,squared_error-l1-1-10000000-invscaling,-0.0015885779589279725,62.335876170721086
97,SGDRegressor,squared_error-l2-0.7-10000000-invscaling,-0.0016139391283886972,62.29368163770918
277,SGDRegressor,squared_error-elasticnet-1-10000000-invscaling,-0.0029513159925309562,62.343116848822646
271,SGDRegressor,squared_error-elasticnet-1-1000000-invscaling,-0.00310312985755945,62.33940751460249
109,SGDRegressor,squared_error-l2-1-10000000-invscaling,-0.0032355763593783227,62.34582013621381
103,SGDRegressor,squared_error-l2-1-1000000-invscaling,-0.0033713088843712047,62.342373991934046
737,SGDRegressor,epsilon_insensitive-elasticnet-0.01-10000000-optimal,-0.005463622404454638,62.20561942710473
730,SGDRegressor,epsilon_insensitive-elasticnet-0.01-1000000-optimal,-0.005513641796963897,62.2014871162284
731,SGDRegressor,epsilon_insensitive-elasticnet-0.01-1000000-optimal,-0.005546854761119935,62.201815528381324
736,SGDRegressor,epsilon_insensitive-elasticnet-0.01-10000000-optimal,-0.005552774557799012,62.20351949480969
569,SGDRegressor,epsilon_insensitive-l2-0.01-10000000-optimal,-0.005791727655455103,62.22157261957423
568,SGDRegressor,epsilon_insensitive-l2-0.01-10000000-optimal,-0.005809081204046995,62.21802239414191
563,SGDRegressor,epsilon_insensitive-l2-0.01-1000000-optimal,-0.005855723859298223,62.21925492628414
562,SGDRegressor,epsilon_insensitive-l2-0.01-1000000-optimal,-0.0059219085773531965,62.21533710679263
110,SGDRegressor,squared_error-l2-1-10000000-constant,-0.005925912098232011,65.48078349605125
729,SGDRegressor,epsilon_insensitive-elasticnet-0.01-1000000-constant,-0.00656296113982191,62.17687409888986
566,SGDRegressor,epsilon_insensitive-l2-0.01-10000000-constant,-0.006840252023574411,62.19137763696707
734,SGDRegressor,epsilon_insensitive-elasticnet-0.01-10000000-constant,-0.006849760105368086,62.17003640488683
735,SGDRegressor,epsilon_insensitive-elasticnet-0.01-10000000-constant,-0.006942859757721687,62.16766225451257
728,SGDRegressor,epsilon_insensitive-elasticnet-0.01-1000000-constant,-0.006948579220592999,62.16782590868173
560,SGDRegressor,epsilon_insensitive-l2-0.01-1000000-constant,-0.00715096076158539,62.18354293226987
561,SGDRegressor,epsilon_insensitive-l2-0.01-1000000-constant,-0.0072987994111630705,62.17934151752208
567,SGDRegressor,epsilon_insensitive-l2-0.01-10000000-constant,-0.007395843737289409,62.17708593005372
578,SGDRegressor,epsilon_insensitive-l2-0.1-10000000-constant,-0.012624400998867191,62.36284328642573
572,SGDRegressor,epsilon_insensitive-l2-0.1-1000000-constant,-0.012746797666754572,62.359650585964154
579,SGDRegressor,epsilon_insensitive-l2-0.1-10000000-constant,-0.0127796101874591,62.35892919142219
573,SGDRegressor,epsilon_insensitive-l2-0.1-1000000-constant,-0.012780809390483538,62.35896032102038
585,SGDRegressor,epsilon_insensitive-l2-0.3-1000000-constant,-0.012829538091502668,62.38204432918299
698,SGDRegressor,epsilon_insensitive-l1-1-10000000-constant,-0.012915427908962496,62.39198198198329
591,SGDRegressor,epsilon_insensitive-l2-0.3-10000000-constant,-0.012949302918599415,62.37879972684539
596,SGDRegressor,epsilon_insensitive-l2-0.7-1000000-constant,-0.013036773324933026,62.38345827085343
584,SGDRegressor,epsilon_insensitive-l2-0.3-1000000-constant,-0.013042312046796178,62.37645813908305
602,SGDRegressor,epsilon_insensitive-l2-0.7-10000000-constant,-0.013096127291487125,62.38179213808859
609,SGDRegressor,epsilon_insensitive-l2-1-1000000-constant,-0.013118460690331624,62.38253842046288
603,SGDRegressor,epsilon_insensitive-l2-0.7-10000000-constant,-0.013127434584436548,62.38100771064266
747,SGDRegressor,epsilon_insensitive-elasticnet-0.1-10000000-constant,-0.013134888967442304,62.3777039858415
764,SGDRegressor,epsilon_insensitive-elasticnet-0.7-1000000-constant,-0.013155290186744217,62.38549549549681
752,SGDRegressor,epsilon_insensitive-elasticnet-0.3-1000000-constant,-0.013155290186744217,62.38549549549681
597,SGDRegressor,epsilon_insensitive-l2-0.7-1000000-constant,-0.01319225536381885,62.37952396684776
746,SGDRegressor,epsilon_insensitive-elasticnet-0.1-10000000-constant,-0.013224311141865508,62.37521506744172
741,SGDRegressor,epsilon_insensitive-elasticnet-0.1-1000000-constant,-0.013226385322052225,62.37528939188279
614,SGDRegressor,epsilon_insensitive-l2-1-10000000-constant,-0.013244277073755972,62.379406429740136
615,SGDRegressor,epsilon_insensitive-l2-1-10000000-constant,-0.01324517318077767,62.37943611955168
692,SGDRegressor,epsilon_insensitive-l1-1-1000000-constant,-0.013245807503977192,62.383063063064405
657,SGDRegressor,epsilon_insensitive-l1-0.1-1000000-constant,-0.013245807503977192,62.383063063064405
608,SGDRegressor,epsilon_insensitive-l2-1-1000000-constant,-0.013248447664198526,62.379532517853995
590,SGDRegressor,epsilon_insensitive-l2-0.3-10000000-constant,-0.013256388518585904,62.37081806223543
693,SGDRegressor,epsilon_insensitive-l1-1-1000000-constant,-0.013276048908274829,62.38225225225357
753,SGDRegressor,epsilon_insensitive-elasticnet-0.3-1000000-constant,-0.013276048908274829,62.38225225225357
740,SGDRegressor,epsilon_insensitive-elasticnet-0.1-1000000-constant,-0.013282966058365764,62.37352762719954
776,SGDRegressor,epsilon_insensitive-elasticnet-1-1000000-constant,-0.013306324795182123,62.38144144144277
669,SGDRegressor,epsilon_insensitive-l1-0.3-1000000-constant,-0.013306324795182123,62.38144144144277
662,SGDRegressor,epsilon_insensitive-l1-0.1-10000000-constant,-0.013306324795182123,62.38144144144277
663,SGDRegressor,epsilon_insensitive-l1-0.1-10000000-constant,-0.013306324795182123,62.38144144144277
681,SGDRegressor,epsilon_insensitive-l1-0.7-1000000-constant,-0.013306324795182123,62.38144144144277
765,SGDRegressor,epsilon_insensitive-elasticnet-0.7-1000000-constant,-0.013336635164699961,62.38063063063196
777,SGDRegressor,epsilon_insensitive-elasticnet-1-1000000-constant,-0.013336635164699961,62.38063063063196
674,SGDRegressor,epsilon_insensitive-l1-0.3-10000000-constant,-0.013366980016827679,62.379819819821165
770,SGDRegressor,epsilon_insensitive-elasticnet-0.7-10000000-constant,-0.013366980016827679,62.379819819821165
782,SGDRegressor,epsilon_insensitive-elasticnet-1-10000000-constant,-0.013366980016827679,62.379819819821165
771,SGDRegressor,epsilon_insensitive-elasticnet-0.7-10000000-constant,-0.013366980016827679,62.379819819821165
656,SGDRegressor,epsilon_insensitive-l1-0.1-1000000-constant,-0.013366980016827679,62.379819819821165
680,SGDRegressor,epsilon_insensitive-l1-0.7-1000000-constant,-0.013366980016827679,62.379819819821165
759,SGDRegressor,epsilon_insensitive-elasticnet-0.3-10000000-constant,-0.013366980016827679,62.379819819821165
675,SGDRegressor,epsilon_insensitive-l1-0.3-10000000-constant,-0.013366980016827679,62.379819819821165
783,SGDRegressor,epsilon_insensitive-elasticnet-1-10000000-constant,-0.013366980016827679,62.379819819821165
668,SGDRegressor,epsilon_insensitive-l1-0.3-1000000-constant,-0.013427773168913859,62.37819819819953
699,SGDRegressor,epsilon_insensitive-l1-1-10000000-constant,-0.013427773168913859,62.37819819819953
686,SGDRegressor,epsilon_insensitive-l1-0.7-10000000-constant,-0.013427773168913859,62.37819819819953
687,SGDRegressor,epsilon_insensitive-l1-0.7-10000000-constant,-0.013427773168913859,62.37819819819953
758,SGDRegressor,epsilon_insensitive-elasticnet-0.3-10000000-constant,-0.013427773168913859,62.37819819819953
389,SGDRegressor,huber-l1-0.001-10000000-optimal,-0.013737458968525074,61.95448780732185
388,SGDRegressor,huber-l1-0.001-10000000-optimal,-0.014159021804890592,61.9785117150177
382,SGDRegressor,huber-l1-0.001-1000000-optimal,-0.014222564731229737,61.968472259908694
383,SGDRegressor,huber-l1-0.001-1000000-optimal,-0.014263161422821247,61.96753882192304
473,SGDRegressor,huber-elasticnet-0.001-10000000-optimal,-0.016588525768688633,61.95502150593153
466,SGDRegressor,huber-elasticnet-0.001-1000000-optimal,-0.016647337972317322,61.9535335139623
304,SGDRegressor,huber-l2-0.001-10000000-optimal,-0.016708560421123897,61.96551157951949
472,SGDRegressor,huber-elasticnet-0.001-10000000-optimal,-0.01678082512065382,61.94837869121049
467,SGDRegressor,huber-elasticnet-0.001-1000000-optimal,-0.01678913506402191,61.949761741985256
299,SGDRegressor,huber-l2-0.001-1000000-optimal,-0.017022153045248123,61.95938969330716
305,SGDRegressor,huber-l2-0.001-10000000-optimal,-0.01740849083932039,61.95198094534138
298,SGDRegressor,huber-l2-0.001-1000000-optimal,-0.01742481283085695,61.952841930334735
618,SGDRegressor,epsilon_insensitive-l1-0.0001-1000000-invscaling,-0.042889007901601994,61.60288939791454
624,SGDRegressor,epsilon_insensitive-l1-0.0001-10000000-invscaling,-0.0428914236991611,61.60289304056142
708,SGDRegressor,epsilon_insensitive-elasticnet-0.0001-10000000-invscaling,-0.042993860497718916,61.60477929039773
702,SGDRegressor,epsilon_insensitive-elasticnet-0.0001-1000000-invscaling,-0.042995282903402154,61.60480302277241
540,SGDRegressor,epsilon_insensitive-l2-0.0001-10000000-invscaling,-0.043004115013802524,61.6050606265376
534,SGDRegressor,epsilon_insensitive-l2-0.0001-1000000-invscaling,-0.043004142090578235,61.6050742773563
636,SGDRegressor,epsilon_insensitive-l1-0.001-10000000-invscaling,-0.044516631307989885,61.63400871470262
630,SGDRegressor,epsilon_insensitive-l1-0.001-1000000-invscaling,-0.04452666518118198,61.634059533814956
720,SGDRegressor,epsilon_insensitive-elasticnet-0.001-10000000-invscaling,-0.052054779621361735,61.697815073338084
714,SGDRegressor,epsilon_insensitive-elasticnet-0.001-1000000-invscaling,-0.05206158730661814,61.69787607188768
546,SGDRegressor,epsilon_insensitive-l2-0.001-1000000-invscaling,-0.05211838781499023,61.6998179755607
552,SGDRegressor,epsilon_insensitive-l2-0.001-10000000-invscaling,-0.052127869792297776,61.69988243213147
732,SGDRegressor,epsilon_insensitive-elasticnet-0.01-10000000-invscaling,-0.058591119772911204,61.89010225030939
726,SGDRegressor,epsilon_insensitive-elasticnet-0.01-1000000-invscaling,-0.05901192445180348,61.893071950196074
642,SGDRegressor,epsilon_insensitive-l1-0.01-1000000-invscaling,-0.05902747338225267,61.93331428689423
648,SGDRegressor,epsilon_insensitive-l1-0.01-10000000-invscaling,-0.0590292449034433,61.933326622934985
558,SGDRegressor,epsilon_insensitive-l2-0.01-1000000-invscaling,-0.05912685729654332,61.89621048724964
564,SGDRegressor,epsilon_insensitive-l2-0.01-10000000-invscaling,-0.05913191718390465,61.89624410847998
576,SGDRegressor,epsilon_insensitive-l2-0.1-10000000-invscaling,-0.06236387336835003,62.021750415299984
570,SGDRegressor,epsilon_insensitive-l2-0.1-1000000-invscaling,-0.06237368877821248,62.02181799331512
582,SGDRegressor,epsilon_insensitive-l2-0.3-1000000-invscaling,-0.06265963044424416,62.03251024983446
588,SGDRegressor,epsilon_insensitive-l2-0.3-10000000-invscaling,-0.0626626094741698,62.0325325608713
744,SGDRegressor,epsilon_insensitive-elasticnet-0.1-10000000-invscaling,-0.06268689264928362,62.034156060492435
738,SGDRegressor,epsilon_insensitive-elasticnet-0.1-1000000-invscaling,-0.06269245187363026,62.03419522235717
600,SGDRegressor,epsilon_insensitive-l2-0.7-10000000-invscaling,-0.06272501979953105,62.03545702965693
606,SGDRegressor,epsilon_insensitive-l2-1-1000000-invscaling,-0.06274867477541402,62.036181633961974
594,SGDRegressor,epsilon_insensitive-l2-0.7-1000000-invscaling,-0.06279117821665636,62.03591000462581
768,SGDRegressor,epsilon_insensitive-elasticnet-0.7-10000000-invscaling,-0.06280475204209424,62.037873461738755
612,SGDRegressor,epsilon_insensitive-l2-1-10000000-invscaling,-0.06280946125138964,62.03659710345981
666,SGDRegressor,epsilon_insensitive-l1-0.3-1000000-invscaling,-0.06280972514242467,62.03790749897852
678,SGDRegressor,epsilon_insensitive-l1-0.7-1000000-invscaling,-0.06281028093334884,62.037911302877795
774,SGDRegressor,epsilon_insensitive-elasticnet-1-1000000-invscaling,-0.06281047460993139,62.03791262841942
672,SGDRegressor,epsilon_insensitive-l1-0.3-10000000-invscaling,-0.06281099665711531,62.037916201351656
690,SGDRegressor,epsilon_insensitive-l1-1-1000000-invscaling,-0.06281141116759148,62.03791903828358
696,SGDRegressor,epsilon_insensitive-l1-1-10000000-invscaling,-0.06281224237300687,62.03792472706983
684,SGDRegressor,epsilon_insensitive-l1-0.7-10000000-invscaling,-0.06281402969396765,62.03793695940219
750,SGDRegressor,epsilon_insensitive-elasticnet-0.3-1000000-invscaling,-0.06281459662207256,62.0379408393925
762,SGDRegressor,epsilon_insensitive-elasticnet-0.7-1000000-invscaling,-0.06281616111606536,62.03795154651744
780,SGDRegressor,epsilon_insensitive-elasticnet-1-10000000-invscaling,-0.06282041504751157,62.037980659010714
654,SGDRegressor,epsilon_insensitive-l1-0.1-1000000-invscaling,-0.06282139366588746,62.03798735621022
660,SGDRegressor,epsilon_insensitive-l1-0.1-10000000-invscaling,-0.06282218829149122,62.037992794212194
756,SGDRegressor,epsilon_insensitive-elasticnet-0.3-10000000-invscaling,-0.0628249655357751,62.03801179994915
374,SGDRegressor,huber-l1-0.0001-10000000-constant,-0.15087714351578319,63.111078849024224
368,SGDRegressor,huber-l1-0.0001-1000000-constant,-0.15088781085567637,63.11124759019337
369,SGDRegressor,huber-l1-0.0001-1000000-constant,-0.15089335309131746,63.11134174822036
375,SGDRegressor,huber-l1-0.0001-10000000-constant,-0.150911234197038,63.111623354134665
290,SGDRegressor,huber-l2-0.0001-10000000-constant,-0.15118995285382075,63.11477509264783
291,SGDRegressor,huber-l2-0.0001-10000000-constant,-0.1511973979640462,63.11489914668818
284,SGDRegressor,huber-l2-0.0001-1000000-constant,-0.15122830823546396,63.11540491685995
458,SGDRegressor,huber-elasticnet-0.0001-10000000-constant,-0.15123949319130547,63.115771011652896
285,SGDRegressor,huber-l2-0.0001-1000000-constant,-0.15125712562000482,63.11587382113375
452,SGDRegressor,huber-elasticnet-0.0001-1000000-constant,-0.1512623739196488,63.116137574780254
459,SGDRegressor,huber-elasticnet-0.0001-10000000-constant,-0.151265693524111,63.11618892466214
453,SGDRegressor,huber-elasticnet-0.0001-1000000-constant,-0.15130658812093678,63.11686699420529
381,SGDRegressor,huber-l1-0.001-1000000-constant,-0.15202590416858985,63.20578133855574
387,SGDRegressor,huber-l1-0.001-10000000-constant,-0.1520583299445808,63.20632007973182
380,SGDRegressor,huber-l1-0.001-1000000-constant,-0.1520643008115954,63.20642255176733
386,SGDRegressor,huber-l1-0.001-10000000-constant,-0.1520730868176754,63.20655966259371
471,SGDRegressor,huber-elasticnet-0.001-10000000-constant,-0.15221587363113454,63.17592262648686
302,SGDRegressor,huber-l2-0.001-10000000-constant,-0.15260207107810264,63.18097422842936
296,SGDRegressor,huber-l2-0.001-1000000-constant,-0.15260239366439476,63.18098483479772
303,SGDRegressor,huber-l2-0.001-10000000-constant,-0.1526216561463567,63.18129494986881
470,SGDRegressor,huber-elasticnet-0.001-10000000-constant,-0.1527952051777448,63.1855301431056
464,SGDRegressor,huber-elasticnet-0.001-1000000-constant,-0.15281896140432671,63.185920869144155
465,SGDRegressor,huber-elasticnet-0.001-1000000-constant,-0.15283494540477838,63.18618402962568
297,SGDRegressor,huber-l2-0.001-1000000-constant,-0.15317275656535134,63.19041158523494
315,SGDRegressor,huber-l2-0.01-10000000-constant,-0.17231780980074674,63.54851985006874
309,SGDRegressor,huber-l2-0.01-1000000-constant,-0.17231937145758147,63.54854728673189
314,SGDRegressor,huber-l2-0.01-10000000-constant,-0.1723456426538883,63.54895597325106
308,SGDRegressor,huber-l2-0.01-1000000-constant,-0.17234754197726176,63.54898666083883
321,SGDRegressor,huber-l2-0.1-1000000-constant,-0.17238549817946502,63.55708530616939
327,SGDRegressor,huber-l2-0.1-10000000-constant,-0.17240294752638907,63.55735838937334
326,SGDRegressor,huber-l2-0.1-10000000-constant,-0.17241164098171802,63.55749729949964
477,SGDRegressor,huber-elasticnet-0.01-1000000-constant,-0.17244051281162287,63.558462107009646
332,SGDRegressor,huber-l2-0.3-1000000-constant,-0.17245241408058187,63.558704360875794
362,SGDRegressor,huber-l2-1-10000000-constant,-0.17245798553979896,63.558973956400955
356,SGDRegressor,huber-l2-1-1000000-constant,-0.17246315845333116,63.55904353276883
476,SGDRegressor,huber-elasticnet-0.01-1000000-constant,-0.17246756947603092,63.558886795517516
357,SGDRegressor,huber-l2-1-1000000-constant,-0.1724693206022887,63.55915804274877
501,SGDRegressor,huber-elasticnet-0.3-1000000-constant,-0.1724695300752601,63.55923696995255
363,SGDRegressor,huber-l2-1-10000000-constant,-0.1724727732259912,63.55920766211422
513,SGDRegressor,huber-elasticnet-0.7-1000000-constant,-0.17247280952781008,63.55928844048443
500,SGDRegressor,huber-elasticnet-0.3-1000000-constant,-0.1724741269281922,63.5593091167545
416,SGDRegressor,huber-l1-0.3-1000000-constant,-0.17247574678618993,63.559334539913074
410,SGDRegressor,huber-l1-0.1-10000000-constant,-0.17247629254476804,63.559343105394326
483,SGDRegressor,huber-elasticnet-0.01-10000000-constant,-0.1724768368555698,63.55903206865618
351,SGDRegressor,huber-l2-0.7-10000000-constant,-0.17247708385529292,63.55923357363232
482,SGDRegressor,huber-elasticnet-0.01-10000000-constant,-0.17248068055045573,63.559095163631135
519,SGDRegressor,huber-elasticnet-0.7-10000000-constant,-0.17248356449282376,63.559457234665906
417,SGDRegressor,huber-l1-0.3-1000000-constant,-0.17248592681519326,63.55949430951357
525,SGDRegressor,huber-elasticnet-1-1000000-constant,-0.17248615135285972,63.55949783344777
345,SGDRegressor,huber-l2-0.7-1000000-constant,-0.1724903597969305,63.55944468583792
512,SGDRegressor,huber-elasticnet-0.7-1000000-constant,-0.1724910294069555,63.55957438993272
518,SGDRegressor,huber-elasticnet-0.7-10000000-constant,-0.17249153014169294,63.55958224843363
434,SGDRegressor,huber-l1-0.7-10000000-constant,-0.17249342980870086,63.55961206158988
392,SGDRegressor,huber-l1-0.01-1000000-constant,-0.17249836306997102,63.559689482860044
350,SGDRegressor,huber-l2-0.7-10000000-constant,-0.1724989154575356,63.559574357892465
507,SGDRegressor,huber-elasticnet-0.3-10000000-constant,-0.1725034264380565,63.55976894484014
428,SGDRegressor,huber-l1-0.7-1000000-constant,-0.17251031173322362,63.55987699736653
405,SGDRegressor,huber-l1-0.1-1000000-constant,-0.17251228090857862,63.55990789969334
338,SGDRegressor,huber-l2-0.3-10000000-constant,-0.17251310206837345,63.55963891088834
495,SGDRegressor,huber-elasticnet-0.1-10000000-constant,-0.17251667824044148,63.55997690651514
494,SGDRegressor,huber-elasticnet-0.1-10000000-constant,-0.17252150335807603,63.56005262551772
393,SGDRegressor,huber-l1-0.01-1000000-constant,-0.1725217534796719,63.560056550565776
489,SGDRegressor,huber-elasticnet-0.1-1000000-constant,-0.1725300025574774,63.56018599811601
524,SGDRegressor,huber-elasticnet-1-1000000-constant,-0.17253230864056146,63.5602221854629
488,SGDRegressor,huber-elasticnet-0.1-1000000-constant,-0.17253523525930903,63.56026810998557
447,SGDRegressor,huber-l1-1-10000000-constant,-0.17305126324141962,63.56835954493274
333,SGDRegressor,huber-l2-0.3-1000000-constant,-0.1730544592044383,63.568127557597684
423,SGDRegressor,huber-l1-0.3-10000000-constant,-0.17306336784748266,63.56854920296398
320,SGDRegressor,huber-l2-0.1-1000000-constant,-0.17306416532119728,63.567731432544626
506,SGDRegressor,huber-elasticnet-0.3-10000000-constant,-0.17306783346384602,63.56861916969655
398,SGDRegressor,huber-l1-0.01-10000000-constant,-0.17307119952855832,63.568671908191284
530,SGDRegressor,huber-elasticnet-1-10000000-constant,-0.17308119162561963,63.56882845835751
531,SGDRegressor,huber-elasticnet-1-10000000-constant,-0.1730861679050859,63.56890642202517
339,SGDRegressor,huber-l2-0.3-10000000-constant,-0.17309406997876886,63.56875094256236
344,SGDRegressor,huber-l2-0.7-1000000-constant,-0.17309867323198613,63.568975385170084
435,SGDRegressor,huber-l1-0.7-10000000-constant,-0.17310671810353617,63.56922837134193
446,SGDRegressor,huber-l1-1-10000000-constant,-0.173113329343634,63.569331942153816
399,SGDRegressor,huber-l1-0.01-10000000-constant,-0.1731162768628609,63.56937811696232
429,SGDRegressor,huber-l1-0.7-1000000-constant,-0.1731271367443794,63.56954824068745
440,SGDRegressor,huber-l1-1-1000000-constant,-0.17312839639282185,63.56956797316197
411,SGDRegressor,huber-l1-0.1-10000000-constant,-0.17312840032735743,63.56956803479658
422,SGDRegressor,huber-l1-0.3-10000000-constant,-0.1731301980372575,63.569596195914045
404,SGDRegressor,huber-l1-0.1-1000000-constant,-0.1731434177845761,63.56980327870535
441,SGDRegressor,huber-l1-1-1000000-constant,-0.17315255979122446,63.56994648046888
23,DecisionTreeRegressor,poisson-best-100,-0.17819001365031073,64.05405405405405
4,DecisionTreeRegressor,friedman_mse-random-50,-0.1797106656859322,68.15315315315316
17,DecisionTreeRegressor,poisson-random-100,-0.18990322815554195,66.65765765765765
10,DecisionTreeRegressor,friedman_mse-best-50,-0.22203107974368708,66.2072072072072
22,DecisionTreeRegressor,poisson-best-50,-0.24141489518473191,67.01576576576576
5,DecisionTreeRegressor,friedman_mse-random-100,-0.24546372183703258,67.27027027027027
11,DecisionTreeRegressor,friedman_mse-best-100,-0.24831086706818084,66.1981981981982
9,DecisionTreeRegressor,friedman_mse-best-10,-0.3048993374193083,69.14498509498509
53,SGDRegressor,squared_error-l2-0.001-10000000-optimal,-0.5154414313529276,74.32448470135533
574,SGDRegressor,epsilon_insensitive-l2-0.1-1000000-optimal,-0.5857272152489654,72.3176086407343
575,SGDRegressor,epsilon_insensitive-l2-0.1-1000000-optimal,-0.5863943124257716,72.33284801950302
749,SGDRegressor,epsilon_insensitive-elasticnet-0.1-10000000-optimal,-0.5866192708992441,72.3382015193924
581,SGDRegressor,epsilon_insensitive-l2-0.1-10000000-optimal,-0.5866296769445325,72.33822274403147
580,SGDRegressor,epsilon_insensitive-l2-0.1-10000000-optimal,-0.5871317518943413,72.34968434623765
664,SGDRegressor,epsilon_insensitive-l1-0.1-10000000-optimal,-0.5872345020165228,72.35225158784556
742,SGDRegressor,epsilon_insensitive-elasticnet-0.1-1000000-optimal,-0.5873090312430784,72.35395311618822
659,SGDRegressor,epsilon_insensitive-l1-0.1-1000000-optimal,-0.5875735484660483,72.35999126562824
658,SGDRegressor,epsilon_insensitive-l1-0.1-1000000-optimal,-0.588085292715341,72.37166902323281
748,SGDRegressor,epsilon_insensitive-elasticnet-0.1-10000000-optimal,-0.5885118587273184,72.3813991722529
665,SGDRegressor,epsilon_insensitive-l1-0.1-10000000-optimal,-0.5891646186873383,72.39628207540459
743,SGDRegressor,epsilon_insensitive-elasticnet-0.1-1000000-optimal,-0.5898381583171604,72.4116301142516
143,SGDRegressor,squared_error-l1-0.01-1000000-optimal,-0.6709242256342076,76.35949993816779
395,SGDRegressor,huber-l1-0.01-1000000-optimal,-0.9893514077447072,82.15818262750783
311,SGDRegressor,huber-l2-0.01-1000000-optimal,-0.989518306893945,82.16479112010475
316,SGDRegressor,huber-l2-0.01-10000000-optimal,-0.9895459400967701,82.16548613544465
485,SGDRegressor,huber-elasticnet-0.01-10000000-optimal,-0.989612779537077,82.1647628346572
310,SGDRegressor,huber-l2-0.01-1000000-optimal,-0.9896442731777635,82.16796046979061
317,SGDRegressor,huber-l2-0.01-10000000-optimal,-0.989681115766222,82.16888783012622
401,SGDRegressor,huber-l1-0.01-10000000-optimal,-0.9897477869781688,82.16816139562538
400,SGDRegressor,huber-l1-0.01-10000000-optimal,-0.9897905653690615,82.16923821361054
479,SGDRegressor,huber-elasticnet-0.01-1000000-optimal,-0.9898049896637002,82.16960129682035
484,SGDRegressor,huber-elasticnet-0.01-10000000-optimal,-0.9898300521974506,82.17023215570615
478,SGDRegressor,huber-elasticnet-0.01-1000000-optimal,-0.9898927053082478,82.17180918684119
394,SGDRegressor,huber-l1-0.01-1000000-optimal,-0.990251112653665,82.1808296399368
586,SGDRegressor,epsilon_insensitive-l2-0.3-1000000-optimal,-1.9482357143181375,106.7775154732213
755,SGDRegressor,epsilon_insensitive-elasticnet-0.3-1000000-optimal,-1.9482634881010208,106.77814553265739
677,SGDRegressor,epsilon_insensitive-l1-0.3-10000000-optimal,-1.9482639813080116,106.77815753324481
760,SGDRegressor,epsilon_insensitive-elasticnet-0.3-10000000-optimal,-1.9482670804004263,106.77823293954039
593,SGDRegressor,epsilon_insensitive-l2-0.3-10000000-optimal,-1.9482673967007909,106.77828635215455
587,SGDRegressor,epsilon_insensitive-l2-0.3-1000000-optimal,-1.9482688314301053,106.77832127608194
670,SGDRegressor,epsilon_insensitive-l1-0.3-1000000-optimal,-1.948269721772685,106.7782972086631
761,SGDRegressor,epsilon_insensitive-elasticnet-0.3-10000000-optimal,-1.9482944096062655,106.7788979039406
754,SGDRegressor,epsilon_insensitive-elasticnet-0.3-1000000-optimal,-1.9482949003764007,106.77890984514023
671,SGDRegressor,epsilon_insensitive-l1-0.3-1000000-optimal,-1.9482988607571232,106.7790062072995
592,SGDRegressor,epsilon_insensitive-l2-0.3-10000000-optimal,-1.9483036203223083,106.77916772836123
676,SGDRegressor,epsilon_insensitive-l1-0.3-10000000-optimal,-1.9483049971068511,106.77915551394075
354,SGDRegressor,huber-l2-1-1000000-invscaling,-2.0087437344496104,108.25459365787398
480,SGDRegressor,huber-elasticnet-0.01-10000000-invscaling,-2.0087442732791283,108.25460397718355
522,SGDRegressor,huber-elasticnet-1-1000000-invscaling,-2.0091234241434464,108.26387254356501
504,SGDRegressor,huber-elasticnet-0.3-10000000-invscaling,-2.0091235232652993,108.2638749665428
528,SGDRegressor,huber-elasticnet-1-10000000-invscaling,-2.0091235652141384,108.26387599195853
444,SGDRegressor,huber-l1-1-10000000-invscaling,-2.009123640817105,108.26387784003029
360,SGDRegressor,huber-l2-1-10000000-invscaling,-2.009123692693053,108.26388178314184
402,SGDRegressor,huber-l1-0.1-1000000-invscaling,-2.009123712553331,108.26387959358179
414,SGDRegressor,huber-l1-0.3-1000000-invscaling,-2.0091237515645237,108.26388054718836
432,SGDRegressor,huber-l1-0.7-10000000-invscaling,-2.009123787684518,108.26388143012117
498,SGDRegressor,huber-elasticnet-0.3-1000000-invscaling,-2.009123822698765,108.26388228602457
384,SGDRegressor,huber-l1-0.001-10000000-invscaling,-2.009123935626672,108.26388504648332
408,SGDRegressor,huber-l1-0.1-10000000-invscaling,-2.0091239656903235,108.2638857813722
348,SGDRegressor,huber-l2-0.7-10000000-invscaling,-2.0091240176229763,108.26389100675577
474,SGDRegressor,huber-elasticnet-0.01-1000000-invscaling,-2.00912405760233,108.26388802810908
330,SGDRegressor,huber-l2-0.3-1000000-invscaling,-2.0091240626802644,108.26389646841955
420,SGDRegressor,huber-l1-0.3-10000000-invscaling,-2.009124166962879,108.26389070136554
486,SGDRegressor,huber-elasticnet-0.1-1000000-invscaling,-2.009124175637811,108.26389091341936
324,SGDRegressor,huber-l2-0.1-10000000-invscaling,-2.009124186985212,108.263913208151
396,SGDRegressor,huber-l1-0.01-10000000-invscaling,-2.0091242558677993,108.26389287459574
510,SGDRegressor,huber-elasticnet-0.7-1000000-invscaling,-2.0091242560188824,108.26389287828894
438,SGDRegressor,huber-l1-1-1000000-invscaling,-2.009124257620973,108.26389291745107
342,SGDRegressor,huber-l2-0.7-1000000-invscaling,-2.009124269956929,108.2638971268563
378,SGDRegressor,huber-l1-0.001-1000000-invscaling,-2.0091242773370506,108.26389339939941
492,SGDRegressor,huber-elasticnet-0.1-10000000-invscaling,-2.0091243997401382,108.26389639147311
336,SGDRegressor,huber-l2-0.3-10000000-invscaling,-2.009124443849981,108.26390567467848
426,SGDRegressor,huber-l1-0.7-1000000-invscaling,-2.0091244952180882,108.26389872537723
318,SGDRegressor,huber-l2-0.1-1000000-invscaling,-2.009124538205138,108.26392179128551
390,SGDRegressor,huber-l1-0.01-1000000-invscaling,-2.0091245911677174,108.26390107081116
516,SGDRegressor,huber-elasticnet-0.7-10000000-invscaling,-2.0091247853719065,108.26390581802158
312,SGDRegressor,huber-l2-0.01-10000000-invscaling,-2.0091381264976143,108.26423109837006
306,SGDRegressor,huber-l2-0.01-1000000-invscaling,-2.0091387068053312,108.26424543647491
468,SGDRegressor,huber-elasticnet-0.001-10000000-invscaling,-2.009140473979627,108.26408536600727
462,SGDRegressor,huber-elasticnet-0.001-1000000-invscaling,-2.0091407847633738,108.26409060156017
372,SGDRegressor,huber-l1-0.0001-10000000-invscaling,-2.0091614885519213,108.26442816779084
366,SGDRegressor,huber-l1-0.0001-1000000-invscaling,-2.0091615456056324,108.26443097352858
294,SGDRegressor,huber-l2-0.001-1000000-invscaling,-2.009192771077175,108.26521640805238
300,SGDRegressor,huber-l2-0.001-10000000-invscaling,-2.0091932096157983,108.26522591128474
456,SGDRegressor,huber-elasticnet-0.0001-10000000-invscaling,-2.009201509289445,108.26534008826286
450,SGDRegressor,huber-elasticnet-0.0001-1000000-invscaling,-2.009202546962434,108.26536150382405
288,SGDRegressor,huber-l2-0.0001-10000000-invscaling,-2.009208193191662,108.26549499715192
282,SGDRegressor,huber-l2-0.0001-1000000-invscaling,-2.00920917324907,108.2655021215022
149,SGDRegressor,squared_error-l1-0.01-10000000-optimal,-2.627880982088034,117.14932304948283
683,SGDRegressor,epsilon_insensitive-l1-0.7-1000000-optimal,-2.9652094089072496,131.1422460379594
682,SGDRegressor,epsilon_insensitive-l1-0.7-1000000-optimal,-2.9652094089072496,131.1422460379594
766,SGDRegressor,epsilon_insensitive-elasticnet-0.7-1000000-optimal,-2.9652094089072496,131.1422460379594
767,SGDRegressor,epsilon_insensitive-elasticnet-0.7-1000000-optimal,-2.9652094089072496,131.1422460379594
688,SGDRegressor,epsilon_insensitive-l1-0.7-10000000-optimal,-2.9652094089072496,131.1422460379594
772,SGDRegressor,epsilon_insensitive-elasticnet-0.7-10000000-optimal,-2.9652094089072496,131.1422460379594
689,SGDRegressor,epsilon_insensitive-l1-0.7-10000000-optimal,-2.9652094089072496,131.1422460379594
773,SGDRegressor,epsilon_insensitive-elasticnet-0.7-10000000-optimal,-2.9652094089072496,131.1422460379594
604,SGDRegressor,epsilon_insensitive-l2-0.7-10000000-optimal,-2.965213380550986,131.14230363377575
599,SGDRegressor,epsilon_insensitive-l2-0.7-1000000-optimal,-2.965213380550986,131.14230363377575
598,SGDRegressor,epsilon_insensitive-l2-0.7-1000000-optimal,-2.965213380550986,131.14230363377575
605,SGDRegressor,epsilon_insensitive-l2-0.7-10000000-optimal,-2.965213380550986,131.14230363377575
52,SGDRegressor,squared_error-l2-0.001-10000000-optimal,-3.0485201442526817,112.90969701237238
778,SGDRegressor,epsilon_insensitive-elasticnet-1-1000000-optimal,-3.2243140148796225,136.75197215254292
785,SGDRegressor,epsilon_insensitive-elasticnet-1-10000000-optimal,-3.2243140148796225,136.75197215254292
784,SGDRegressor,epsilon_insensitive-elasticnet-1-10000000-optimal,-3.2243140148796225,136.75197215254292
695,SGDRegressor,epsilon_insensitive-l1-1-1000000-optimal,-3.2243140148796225,136.75197215254292
701,SGDRegressor,epsilon_insensitive-l1-1-10000000-optimal,-3.2243140148796225,136.75197215254292
700,SGDRegressor,epsilon_insensitive-l1-1-10000000-optimal,-3.2243140148796225,136.75197215254292
694,SGDRegressor,epsilon_insensitive-l1-1-1000000-optimal,-3.2243140148796225,136.75197215254292
779,SGDRegressor,epsilon_insensitive-elasticnet-1-1000000-optimal,-3.2243140148796225,136.75197215254292
611,SGDRegressor,epsilon_insensitive-l2-1-1000000-optimal,-3.224316873018065,136.75201246964033
617,SGDRegressor,epsilon_insensitive-l2-1-10000000-optimal,-3.224316873018065,136.75201246964033
616,SGDRegressor,epsilon_insensitive-l2-1-10000000-optimal,-3.224316873018065,136.75201246964033
610,SGDRegressor,epsilon_insensitive-l2-1-1000000-optimal,-3.224363770847643,136.75300699831274
413,SGDRegressor,huber-l1-0.1-10000000-optimal,-3.438654040659113,141.22421674485105
490,SGDRegressor,huber-elasticnet-0.1-1000000-optimal,-3.438654040659113,141.22421674485105
406,SGDRegressor,huber-l1-0.1-1000000-optimal,-3.438654040659113,141.22421674485105
491,SGDRegressor,huber-elasticnet-0.1-1000000-optimal,-3.438654040659113,141.22421674485105
407,SGDRegressor,huber-l1-0.1-1000000-optimal,-3.438654040659113,141.22421674485105
412,SGDRegressor,huber-l1-0.1-10000000-optimal,-3.438654040659113,141.22421674485105
497,SGDRegressor,huber-elasticnet-0.1-10000000-optimal,-3.438654040659113,141.22421674485105
496,SGDRegressor,huber-elasticnet-0.1-10000000-optimal,-3.438654040659113,141.22421674485105
329,SGDRegressor,huber-l2-0.1-10000000-optimal,-3.438656960583998,141.2242570565858
328,SGDRegressor,huber-l2-0.1-10000000-optimal,-3.438656960583998,141.2242570565858
323,SGDRegressor,huber-l2-0.1-1000000-optimal,-3.438656960583998,141.2242570565858
322,SGDRegressor,huber-l2-0.1-1000000-optimal,-3.438656960583998,141.2242570565858
418,SGDRegressor,huber-l1-0.3-1000000-optimal,-3.731693185213146,147.118706353047
508,SGDRegressor,huber-elasticnet-0.3-10000000-optimal,-3.731693185213146,147.118706353047
425,SGDRegressor,huber-l1-0.3-10000000-optimal,-3.731693185213146,147.118706353047
424,SGDRegressor,huber-l1-0.3-10000000-optimal,-3.731693185213146,147.118706353047
502,SGDRegressor,huber-elasticnet-0.3-1000000-optimal,-3.731693185213146,147.118706353047
503,SGDRegressor,huber-elasticnet-0.3-1000000-optimal,-3.731693185213146,147.118706353047
419,SGDRegressor,huber-l1-0.3-1000000-optimal,-3.731693185213146,147.118706353047
509,SGDRegressor,huber-elasticnet-0.3-10000000-optimal,-3.731693185213146,147.118706353047
334,SGDRegressor,huber-l2-0.3-1000000-optimal,-3.731694185851712,147.1187197905525
341,SGDRegressor,huber-l2-0.3-10000000-optimal,-3.731694185851712,147.1187197905525
340,SGDRegressor,huber-l2-0.3-10000000-optimal,-3.731694185851712,147.1187197905525
335,SGDRegressor,huber-l2-0.3-1000000-optimal,-3.731694185851712,147.1187197905525
431,SGDRegressor,huber-l1-0.7-1000000-optimal,-3.8156828835410472,148.76510380081726
521,SGDRegressor,huber-elasticnet-0.7-10000000-optimal,-3.8156828835410472,148.76510380081726
520,SGDRegressor,huber-elasticnet-0.7-10000000-optimal,-3.8156828835410472,148.76510380081726
515,SGDRegressor,huber-elasticnet-0.7-1000000-optimal,-3.8156828835410472,148.76510380081726
430,SGDRegressor,huber-l1-0.7-1000000-optimal,-3.8156828835410472,148.76510380081726
437,SGDRegressor,huber-l1-0.7-10000000-optimal,-3.8156828835410472,148.76510380081726
436,SGDRegressor,huber-l1-0.7-10000000-optimal,-3.8156828835410472,148.76510380081726
514,SGDRegressor,huber-elasticnet-0.7-1000000-optimal,-3.8156828835410472,148.76510380081726
347,SGDRegressor,huber-l2-0.7-1000000-optimal,-3.8156833156845327,148.76510956013576
346,SGDRegressor,huber-l2-0.7-1000000-optimal,-3.8156833156845327,148.76510956013576
352,SGDRegressor,huber-l2-0.7-10000000-optimal,-3.8156833156845327,148.76510956013576
353,SGDRegressor,huber-l2-0.7-10000000-optimal,-3.8156833156845327,148.76510956013576
533,SGDRegressor,huber-elasticnet-1-10000000-optimal,-3.83441626179454,149.12984332800278
527,SGDRegressor,huber-elasticnet-1-1000000-optimal,-3.83441626179454,149.12984332800278
526,SGDRegressor,huber-elasticnet-1-1000000-optimal,-3.83441626179454,149.12984332800278
532,SGDRegressor,huber-elasticnet-1-10000000-optimal,-3.83441626179454,149.12984332800278
442,SGDRegressor,huber-l1-1-1000000-optimal,-3.83441626179454,149.12984332800278
443,SGDRegressor,huber-l1-1-1000000-optimal,-3.83441626179454,149.12984332800278
448,SGDRegressor,huber-l1-1-10000000-optimal,-3.83441626179454,149.12984332800278
449,SGDRegressor,huber-l1-1-10000000-optimal,-3.83441626179454,149.12984332800278
359,SGDRegressor,huber-l2-1-1000000-optimal,-3.834416564816043,149.12984735971244
365,SGDRegressor,huber-l2-1-10000000-optimal,-3.834416564816043,149.12984735971244
364,SGDRegressor,huber-l2-1-10000000-optimal,-3.834416564816043,149.12984735971244
358,SGDRegressor,huber-l2-1-1000000-optimal,-3.834416564816043,149.12984735971244
559,SGDRegressor,epsilon_insensitive-l2-0.01-1000000-invscaling,-3.8523113217636036,149.47747471771925
727,SGDRegressor,epsilon_insensitive-elasticnet-0.01-1000000-invscaling,-3.8523121988379065,149.47745591716483
697,SGDRegressor,epsilon_insensitive-l1-1-10000000-invscaling,-3.852312459125443,149.47745168727786
763,SGDRegressor,epsilon_insensitive-elasticnet-0.7-1000000-invscaling,-3.852312459125443,149.47745168727786
661,SGDRegressor,epsilon_insensitive-l1-0.1-10000000-invscaling,-3.852312459125443,149.47745168727786
649,SGDRegressor,epsilon_insensitive-l1-0.01-10000000-invscaling,-3.852312459125443,149.47745168727786
667,SGDRegressor,epsilon_insensitive-l1-0.3-1000000-invscaling,-3.852312459125443,149.47745168727786
757,SGDRegressor,epsilon_insensitive-elasticnet-0.3-10000000-invscaling,-3.852312459125443,149.47745168727786
673,SGDRegressor,epsilon_insensitive-l1-0.3-10000000-invscaling,-3.852312459125443,149.47745168727786
643,SGDRegressor,epsilon_insensitive-l1-0.01-1000000-invscaling,-3.852312459125443,149.47745168727786
745,SGDRegressor,epsilon_insensitive-elasticnet-0.1-10000000-invscaling,-3.852312459125443,149.47745168727786
781,SGDRegressor,epsilon_insensitive-elasticnet-1-10000000-invscaling,-3.852312459125443,149.47745168727786
679,SGDRegressor,epsilon_insensitive-l1-0.7-1000000-invscaling,-3.852312459125443,149.47745168727786
751,SGDRegressor,epsilon_insensitive-elasticnet-0.3-1000000-invscaling,-3.852312459125443,149.47745168727786
691,SGDRegressor,epsilon_insensitive-l1-1-1000000-invscaling,-3.852312459125443,149.47745168727786
739,SGDRegressor,epsilon_insensitive-elasticnet-0.1-1000000-invscaling,-3.852312459125443,149.47745168727786
685,SGDRegressor,epsilon_insensitive-l1-0.7-10000000-invscaling,-3.852312459125443,149.47745168727786
775,SGDRegressor,epsilon_insensitive-elasticnet-1-1000000-invscaling,-3.852312459125443,149.47745168727786
769,SGDRegressor,epsilon_insensitive-elasticnet-0.7-10000000-invscaling,-3.852312459125443,149.47745168727786
655,SGDRegressor,epsilon_insensitive-l1-0.1-1000000-invscaling,-3.852312459125443,149.47745168727786
541,SGDRegressor,epsilon_insensitive-l2-0.0001-10000000-invscaling,-3.852312696770454,149.47747218580582
613,SGDRegressor,epsilon_insensitive-l2-1-10000000-invscaling,-3.852312870783809,149.47746543606019
589,SGDRegressor,epsilon_insensitive-l2-0.3-10000000-invscaling,-3.852313036118373,149.4774757816377
631,SGDRegressor,epsilon_insensitive-l1-0.001-1000000-invscaling,-3.8523133116225194,149.47745634892854
733,SGDRegressor,epsilon_insensitive-elasticnet-0.01-10000000-invscaling,-3.852313432276085,149.47745782727247
619,SGDRegressor,epsilon_insensitive-l1-0.0001-1000000-invscaling,-3.852313679320747,149.47746518062277
571,SGDRegressor,epsilon_insensitive-l2-0.1-1000000-invscaling,-3.8523137365771065,149.47747520018567
637,SGDRegressor,epsilon_insensitive-l1-0.001-10000000-invscaling,-3.852313899517492,149.47746024403045
601,SGDRegressor,epsilon_insensitive-l2-0.7-10000000-invscaling,-3.8523139238157,149.47749028075697
703,SGDRegressor,epsilon_insensitive-elasticnet-0.0001-1000000-invscaling,-3.852313944588463,149.4774784805091
577,SGDRegressor,epsilon_insensitive-l2-0.1-10000000-invscaling,-3.8523139944754243,149.47748026792286
547,SGDRegressor,epsilon_insensitive-l2-0.001-1000000-invscaling,-3.8523140408865224,149.47747432666168
721,SGDRegressor,epsilon_insensitive-elasticnet-0.001-10000000-invscaling,-3.852314257561341,149.47746824869947
607,SGDRegressor,epsilon_insensitive-l2-1-1000000-invscaling,-3.8523142892402715,149.4774701744612
625,SGDRegressor,epsilon_insensitive-l1-0.0001-10000000-invscaling,-3.8523146250986766,149.47747270089226
715,SGDRegressor,epsilon_insensitive-elasticnet-0.001-1000000-invscaling,-3.852314680038093,149.4774638309852
583,SGDRegressor,epsilon_insensitive-l2-0.3-1000000-invscaling,-3.8523148723263754,149.47748585661932
535,SGDRegressor,epsilon_insensitive-l2-0.0001-1000000-invscaling,-3.8523149047779057,149.47748148758495
553,SGDRegressor,epsilon_insensitive-l2-0.001-10000000-invscaling,-3.852315310352145,149.47747815817874
709,SGDRegressor,epsilon_insensitive-elasticnet-0.0001-10000000-invscaling,-3.852315471424437,149.47746138059784
595,SGDRegressor,epsilon_insensitive-l2-0.7-1000000-invscaling,-3.8523155474482005,149.47747312334016
565,SGDRegressor,epsilon_insensitive-l2-0.01-10000000-invscaling,-3.8523175147135555,149.4774935499685
331,SGDRegressor,huber-l2-0.3-1000000-invscaling,-3.8804201766660613,150.02178363340656
313,SGDRegressor,huber-l2-0.01-10000000-invscaling,-3.880420210373911,150.02178408686788
451,SGDRegressor,huber-elasticnet-0.0001-1000000-invscaling,-3.880420247261524,150.02178307565978
367,SGDRegressor,huber-l1-0.0001-1000000-invscaling,-3.8804203108587183,150.02178339696175
481,SGDRegressor,huber-elasticnet-0.01-10000000-invscaling,-3.8804203558065495,150.02178197286324
529,SGDRegressor,huber-elasticnet-1-10000000-invscaling,-3.8804203558065495,150.02178197286324
475,SGDRegressor,huber-elasticnet-0.01-1000000-invscaling,-3.8804203558065495,150.02178197286324
415,SGDRegressor,huber-l1-0.3-1000000-invscaling,-3.8804203558065495,150.02178197286324
487,SGDRegressor,huber-elasticnet-0.1-1000000-invscaling,-3.8804203558065495,150.02178197286324
523,SGDRegressor,huber-elasticnet-1-1000000-invscaling,-3.8804203558065495,150.02178197286324
511,SGDRegressor,huber-elasticnet-0.7-1000000-invscaling,-3.8804203558065495,150.02178197286324
505,SGDRegressor,huber-elasticnet-0.3-10000000-invscaling,-3.8804203558065495,150.02178197286324
517,SGDRegressor,huber-elasticnet-0.7-10000000-invscaling,-3.8804203558065495,150.02178197286324
439,SGDRegressor,huber-l1-1-1000000-invscaling,-3.8804203558065495,150.02178197286324
445,SGDRegressor,huber-l1-1-10000000-invscaling,-3.8804203558065495,150.02178197286324
499,SGDRegressor,huber-elasticnet-0.3-1000000-invscaling,-3.8804203558065495,150.02178197286324
433,SGDRegressor,huber-l1-0.7-10000000-invscaling,-3.8804203558065495,150.02178197286324
427,SGDRegressor,huber-l1-0.7-1000000-invscaling,-3.8804203558065495,150.02178197286324
421,SGDRegressor,huber-l1-0.3-10000000-invscaling,-3.8804203558065495,150.02178197286324
409,SGDRegressor,huber-l1-0.1-10000000-invscaling,-3.8804203558065495,150.02178197286324
403,SGDRegressor,huber-l1-0.1-1000000-invscaling,-3.8804203558065495,150.02178197286324
397,SGDRegressor,huber-l1-0.01-10000000-invscaling,-3.8804203558065495,150.02178197286324
391,SGDRegressor,huber-l1-0.01-1000000-invscaling,-3.8804203558065495,150.02178197286324
385,SGDRegressor,huber-l1-0.001-10000000-invscaling,-3.8804203558065495,150.02178197286324
379,SGDRegressor,huber-l1-0.001-1000000-invscaling,-3.8804203558065495,150.02178197286324
493,SGDRegressor,huber-elasticnet-0.1-10000000-invscaling,-3.8804203558065495,150.02178197286324
469,SGDRegressor,huber-elasticnet-0.001-10000000-invscaling,-3.880420365920304,150.0217823121726
373,SGDRegressor,huber-l1-0.0001-10000000-invscaling,-3.880420403914493,150.02178258670727
337,SGDRegressor,huber-l2-0.3-10000000-invscaling,-3.8804204202665176,150.02178254795407
301,SGDRegressor,huber-l2-0.001-10000000-invscaling,-3.8804204314050477,150.02178237264266
457,SGDRegressor,huber-elasticnet-0.0001-10000000-invscaling,-3.880420458736122,150.0217845467977
289,SGDRegressor,huber-l2-0.0001-10000000-invscaling,-3.8804204708831946,150.0217841828667
361,SGDRegressor,huber-l2-1-10000000-invscaling,-3.8804204723646203,150.02178392451546
355,SGDRegressor,huber-l2-1-1000000-invscaling,-3.880420484487015,150.02178372911288
343,SGDRegressor,huber-l2-0.7-1000000-invscaling,-3.8804205178105953,150.02178285176947
349,SGDRegressor,huber-l2-0.7-10000000-invscaling,-3.880420555146948,150.02178323658669
325,SGDRegressor,huber-l2-0.1-10000000-invscaling,-3.880420555790546,150.02178379972486
295,SGDRegressor,huber-l2-0.001-1000000-invscaling,-3.880420557016804,150.02178305655696
307,SGDRegressor,huber-l2-0.01-1000000-invscaling,-3.8804205708551,150.02178339413462
319,SGDRegressor,huber-l2-0.1-1000000-invscaling,-3.8804205875010798,150.02178357427834
463,SGDRegressor,huber-elasticnet-0.001-1000000-invscaling,-3.8804205908912905,150.02178236648575
283,SGDRegressor,huber-l2-0.0001-1000000-invscaling,-3.880420709455752,150.02178330856748
142,SGDRegressor,squared_error-l1-0.01-1000000-optimal,-11.111928131400662,215.37682008781803
46,SGDRegressor,squared_error-l2-0.001-1000000-optimal,-37.22473620099475,365.63500527405284
220,SGDRegressor,squared_error-elasticnet-0.001-10000000-optimal,-42.57948423299077,363.5106430638754
148,SGDRegressor,squared_error-l1-0.01-10000000-optimal,-59.22803109971408,469.599072270991
47,SGDRegressor,squared_error-l2-0.001-1000000-optimal,-119.94442860391932,653.2909399309872
221,SGDRegressor,squared_error-elasticnet-0.001-10000000-optimal,-441.4145767562272,1197.0311807175412
214,SGDRegressor,squared_error-elasticnet-0.001-1000000-optimal,-16410.929680852976,6781.195750102439
215,SGDRegressor,squared_error-elasticnet-0.001-1000000-optimal,-20256.052212736977,7669.233960141016
35,SGDRegressor,squared_error-l2-0.0001-1000000-optimal,-17732078209.913857,6924014.582354518
203,SGDRegressor,squared_error-elasticnet-0.0001-1000000-optimal,-506043175427.21204,36663752.1170992
202,SGDRegressor,squared_error-elasticnet-0.0001-1000000-optimal,-556504771651.8916,46248567.90087836
34,SGDRegressor,squared_error-l2-0.0001-1000000-optimal,-811935381185.0751,50807095.34836579
40,SGDRegressor,squared_error-l2-0.0001-10000000-optimal,-952110590898.3108,47423335.06697172
208,SGDRegressor,squared_error-elasticnet-0.0001-10000000-optimal,-1682353442749.1506,73018972.60146077
41,SGDRegressor,squared_error-l2-0.0001-10000000-optimal,-2380583758245.1494,80555699.92505224
209,SGDRegressor,squared_error-elasticnet-0.0001-10000000-optimal,-2723233249150.1426,80089923.03332482
136,SGDRegressor,squared_error-l1-0.001-10000000-optimal,-231870683281099.97,843256963.7251766
130,SGDRegressor,squared_error-l1-0.001-1000000-optimal,-270205338641228.7,876486671.7696111
119,SGDRegressor,squared_error-l1-0.0001-1000000-optimal,-650813073889972.1,1227699290.1068194
124,SGDRegressor,squared_error-l1-0.0001-10000000-optimal,-968525186228959.8,1604321828.5798523
125,SGDRegressor,squared_error-l1-0.0001-10000000-optimal,-1268475115884048.8,2102116280.1444526
131,SGDRegressor,squared_error-l1-0.001-1000000-optimal,-1698386403706350.0,2514512546.364459
118,SGDRegressor,squared_error-l1-0.0001-1000000-optimal,-3433984079269633.0,2864978255.0066195
137,SGDRegressor,squared_error-l1-0.001-10000000-optimal,-5069256346253566.0,4235671334.8118258
